INDRA UUID	Belief	PMID	Evidence	API	Subject	Predicate	Object
3a42893e-5690-4195-b49f-c46205fb600c	0.95	10448190	Two distinct CRF receptor subtypes, CRFR1 and CRFR2, are thought to mediate CRF actions in the CNS.	reach	p(HGNC:CRHR2)	directlyIncreases	act(p(HGNC:C1QL1))
b5aecbbc-a7c8-41c9-826f-5ab542fb8702	1.0	10742109	Corticotropin-releasing hormone (Crh), a 41-residue polypeptide, activates two G-protein-coupled receptors, Crhr1 and Crhr2, causing (among other transductional events) phosphorylation of the transcription factor Creb.	sparser	p(HGNC:CRH)	directlyIncreases	act(p(HGNC:CRHR2))
3a42893e-5690-4195-b49f-c46205fb600c	0.95	10875276	Two distinct CRF receptor subtypes, CRFR1 and CRFR2, are thought to mediate CRF actions in the central nervous system.	reach	p(HGNC:CRHR2)	directlyIncreases	act(p(HGNC:C1QL1))
fb996f24-2ca3-411c-8f57-9684053d527b	0.94	11403094	CRH-R1 mediates CRH induced blood pressure elevation, while peripheral CRH-R2 mediates the hypotensive effect of systemically administered UCN and CRH.	reach	p(HGNC:CRHR2)	directlyIncreases	act(p(HGNC:CRH))
5dbf582c-e62c-4a44-b239-1c0f0076b23c	0.94	11403094	CRH-R1 mediates CRH induced blood pressure elevation, while peripheral CRH-R2 mediates the hypotensive effect of systemically administered UCN and CRH.	reach	p(HGNC:CRHR2)	directlyIncreases	act(p(HGNC:UCN))
5dbf582c-e62c-4a44-b239-1c0f0076b23c	0.94	11403094	Peripheral CRH-R2 mediates UCN induced mast cell degranulation, vascular permeability, and abdominal surgery induced gastric stasis.	reach	p(HGNC:CRHR2)	directlyIncreases	act(p(HGNC:UCN))
0a1df689-c916-438a-abfa-91353e08b2fc	0.92	11517194	Stimulation of pituitary CRHR2 does not induce ACTH secretion either in vitro or in vivo.	reach	p(HGNC:CRHR2)	directlyIncreases	act(p(HGNC:POMC))
845a4b16-cc6b-48ad-9dae-3ec150b32dd8	0.86	11641109	The CRF-R1 and CRF-R2 antagonist astressin B (30 microg/kg ip) and the selective CRF-R2 antagonist antisauvagine-30 (100 microg/kg ip) completely antagonized urocortin action, whereas the selective CRF-R1 antagonist CP-154,526 (10 mg/kg ip) had no effect.	reach	p(HGNC:CRHR2)	directlyDecreases	act(p(HGNC:UCN))
3313416f-377a-4dd0-a4cd-5b8b0efeff93	0.86	12446596	Chronic leptin increased corticotropin releasing factor receptor-2 mRNA levels in the ventromedial hypothalamus.	reach	p(HGNC:LEP)	directlyIncreases	p(HGNC:CRHR2)
e1dfa4ac-a2af-41d6-92f1-d7f9e09d4027	0.86	12970163	The CRFR2 selective antagonist astressin2-B and an ERK1/2-p 42, 44 inhibitor abolish the cardioprotective actions of Ucn-II and Ucn-III in reperfusion.	reach	p(HGNC:CRHR2)	directlyDecreases	act(p(HGNC:UCN2))
f9d58d5a-b5a5-46da-9a37-6fd914dae145	0.86	12970163	The CRFR2 selective antagonist astressin2-B and an ERK1/2-p 42, 44 inhibitor abolish the cardioprotective actions of Ucn-II and Ucn-III in reperfusion.	reach	p(HGNC:CRHR2)	directlyDecreases	act(p(HGNC:UCN3))
b5aecbbc-a7c8-41c9-826f-5ab542fb8702	1.0	14659570	In addition, high doses of CRH are required to produce LH, which is known to be mediated by 5-HT excitation, and the CRHR2 agonist urocortin II (UCN II) produces LH at much lower doses than does CRH.	reach	p(HGNC:CRH)	directlyIncreases	act(p(HGNC:CRHR2))
c274f11c-5803-406b-8a39-c5d700ae79a5	0.92	15388651	The role of specific CRF receptor subtypes in this effect is unknown, and in the current study, we investigated the role of the CRF-R2 receptor in stress mediated suppression of pulsatile LH section.	reach	p(HGNC:CRHR2)	directlyDecreases	act(p(FPLX:LH))
c274f11c-5803-406b-8a39-c5d700ae79a5	0.92	15388651	These findings suggest that CRF-R2 mediates, at least in part, restraint stress induced inhibition of LH pulses and may play a pivotal role in the normal physiological response of stress induced suppression of the hypothalamic GnRH pulse generator and hence the reproductive system.	reach	p(HGNC:CRHR2)	directlyDecreases	act(p(FPLX:LH))
8f8a183e-326c-471c-9abd-afe7ca9c80ab	0.94	15821006	Eight sheep were administered the CRF-R2 antagonist CRF (9-41) (1.5 mg bolus) before (Normal) and after development of pacing induced HF.	reach	p(HGNC:C1QL1)	directlyDecreases	act(p(HGNC:CRHR2))
845a4b16-cc6b-48ad-9dae-3ec150b32dd8	0.86	17170072	CRHR1 mediated urocortin endocytosis was blocked by astressin (antagonist for both CRHRs), whereas CRHR2 mediated urocortin endocytosis was also blocked by antisauvagine 30 (selective CRHR2beta antagonist).	reach	p(HGNC:CRHR2)	directlyDecreases	act(p(HGNC:UCN))
13a0e2b3-29fd-4216-9292-eaadcfb17c0d	0.86	17175507	E2 also increased CRF-R2 expression.	reach	p(UP:P27958)	directlyIncreases	p(HGNC:CRHR2)
80e63b3e-c725-4133-b5b1-f589b60f9878	0.99	17331244	Because CRF and its related peptides, Ucn 1 and 3, can activate CRFR2 [ xref , xref - xref ], it is possible that increased activation of CRFR2 compensates for the loss of CRFR1 and contributes to alterations in maternal care.	sparser	p(HGNC:C1QL1)	directlyIncreases	act(p(HGNC:CRHR2))
ba73b249-627e-4e26-a1da-35200bab3d2d	0.86	17463062	To investigate the individual role of CRHR1 and CRHR2, cell cultures were treated with the specific CRHR1 antagonist antalarmin and CRHR2 antagonist astressin2B, respectively.	reach	p(HGNC:CRHR1)	directlyIncreases	act(p(HGNC:CRHR2))
c274f11c-5803-406b-8a39-c5d700ae79a5	0.92	17680889	These findings suggest that CRH-R2 mediates orexin A induced LH suppression and it is possible that CRH and UcnII in the hypothalamus are involved in this pathway.	reach	p(HGNC:CRHR2)	directlyDecreases	act(p(FPLX:LH))
b5aecbbc-a7c8-41c9-826f-5ab542fb8702	1.0	19008330	CRH and the urocortins mediate their effects via two distinct CRH receptors : CRH-R1 and CRH-R2 (reviewed in).	reach	p(HGNC:CRH)	directlyIncreases	act(p(HGNC:CRHR2))
b5aecbbc-a7c8-41c9-826f-5ab542fb8702	1.0	19008330	In most cell types, activation of CRH-R1 or CRH-R2 by CRH or urocortins results in activation of the Gs-adenylyl cyclase pathway and increased cAMP levels; however, recent evidence has demonstrated that in some tissues and cell types both CRH receptors can couple to other G proteins including Gq, Gi, and Go, resulting in activation of various kinases including PKC, MAPK, and Akt (reviewed in ( xref ; xref )).	sparser	p(HGNC:CRH)	directlyIncreases	act(p(HGNC:CRHR2))
42142f58-7947-4e02-a3eb-89e61e83255e	0.92	19008330	We used CRH receptor antagonists (alpha-helical CRH 9-41 and astressin) that block both CRH-R1 and CRH-R2 (reviewed in) to determine whether the CRH- and UCNI mediated increases in intracellular cAMP were specifically mediated by CRH receptors.	reach	p(HGNC:CRH)	directlyDecreases	act(p(HGNC:CRHR2))
9a3b0f5b-1581-41ec-9da8-7d5d3761b34f	0.86	19091975	We found that pre-application of NBI 27914 (1 muM) (97 +/- 7% of basal frequency, n = 7, XREF_FIG), but not the CRF-R2 antagonist, Astressin-2B (100 nM) (107 +/- 49% of basal frequency, p < 0.05, n = 5, XREF_FIG), blocked the ability of 300 nM CRF to enhance spontaneous glutamatergic transmission.	reach	p(HGNC:CRHR2)	directlyDecreases	act(p(HGNC:C1QL1))
fb687062-8d8d-4a65-99b9-89b6657e8f68	0.86	19458224	For example, studies in the VTA have found that the PKC pathway can be activated by CRFR1 or CRFR2 depending on the molecular target and also that CRFR2 can act through PKA to increase intracellular Ca 2+ in dopamine neurons.	reach	p(HGNC:CRHR2)	directlyIncreases	act(p(FPLX:PKC))
80e63b3e-c725-4133-b5b1-f589b60f9878	0.99	19628576	These effects of CRF are mediated by corticotropin releasing factor receptor 2 (CRF2), as suggested by their abolishment after treatment with the specific CRF2 antagonist, astressin 2B.	reach	p(HGNC:C1QL1)	directlyIncreases	act(p(HGNC:CRHR2))
9a3b0f5b-1581-41ec-9da8-7d5d3761b34f	0.86	19800323	Our finding that CRF-R2 antagonists block CRF induced VTA glutamate release implies a presynaptic localization of CRF-R2 on the terminals of VTA glutamate afferents rather than on dopaminergic neurons themselves.	reach	p(HGNC:CRHR2)	directlyDecreases	act(p(HGNC:C1QL1))
5dbf582c-e62c-4a44-b239-1c0f0076b23c	0.94	19952342	In conclusion, the present study demonstrates that CRFR2 in the VMH mediates some of the central effects of Ucn 3, and the ARH melanocortin system may be a downstream target of VMH CRFR2 neurons.	reach	p(HGNC:CRHR2)	directlyIncreases	act(p(HGNC:UCN))
b5aecbbc-a7c8-41c9-826f-5ab542fb8702	1.0	20206175	The corticotrophin releasing hormone (CRH) family of peptides modulates intestinal inflammation and the CRH receptor 2 (CRHR2) suppresses postnatal angiogenesis in mice.	reach	p(HGNC:CRH)	directlyIncreases	act(p(HGNC:CRHR2))
7ddbd267-ee34-4ba8-a5ee-ac434fa7a5de	0.92	20731720	An immediate interpretation would be that CRF-R2 signaling in BLA and CeA underlies MA sensitivity.	reach	p(HGNC:CRHR2)	directlyIncreases	act(p(HGNC:CEACAM5))
911b5766-4054-4855-88c0-8a957a245d11	0.92	20731720	Simple main effect analyses confirmed that deletion of CRF-R2 significantly decreased MA induced stimulation (F (1,23) = 4.9; p <.05).	reach	p(HGNC:CRHR2)	directlyIncreases	act(p(UP:P04591))
911b5766-4054-4855-88c0-8a957a245d11	0.92	20731720	These data indicate that CRF-R2 signaling contributes to MA induced locomotor activation.	reach	p(HGNC:CRHR2)	directlyIncreases	act(p(UP:P04591))
3313416f-377a-4dd0-a4cd-5b8b0efeff93	0.86	20798488	Acute leptin administration increases CRH mRNA expression in the paraventricular nucleus of the hypothalamus and CRH receptor type 2 (CRHR2) expression in the ventromedial nucleus of the hypothalamus.	reach	p(HGNC:LEP)	directlyIncreases	p(HGNC:CRHR2)
0cfff851-7994-4cb6-977a-0c7f3d765c95	1.0	21273411	Therefore, urocortin released from lateral olivocochlear terminals could stimulate CRFR2 on the postsynaptic afferent fibers to induce POMC expression and ACTH production.	reach	p(HGNC:UCN)	directlyIncreases	act(p(HGNC:CRHR2))
0cfff851-7994-4cb6-977a-0c7f3d765c95	1.0	21273411	Urocortin, a CRF-related peptide, activates CRFR2 and is expressed in lateral olivocochlear terminals ( xref ), which contact the Type1 afferent fibers.	sparser	p(HGNC:UCN)	directlyIncreases	act(p(HGNC:CRHR2))
0cfff851-7994-4cb6-977a-0c7f3d765c95	1.0	21452217	In the LS, activation of CRFR2 by Urocortin peptides impairs fear conditioning associated learning ( xref ; xref ).	sparser	p(HGNC:UCN)	directlyIncreases	act(p(HGNC:CRHR2))
0cfff851-7994-4cb6-977a-0c7f3d765c95	1.0	21452217	In the LS, activation of CRFR2 by Urocortin peptides impairs fear conditioning associated learning.	reach	p(HGNC:UCN)	directlyIncreases	act(p(HGNC:CRHR2))
d5df1a0f-90b5-42d0-bbc7-b3e6bf5f94b1	0.86	21541251	The pro-inflammatory capacity of CRF2 has also been described in human colonocyte cell lines where CRF2 activation by UCN2 resulted in induction of NF-κB and subsequent increased release of the chemoattractants interleukin 8 (IL-8) and monocyte chemoattractant protein 1 (MCP-1; Kokkotou et al., xref ; Moss et al., xref ).	sparser	p(HGNC:UTS2)	directlyIncreases	act(p(HGNC:CRHR2))
7ddbd267-ee34-4ba8-a5ee-ac434fa7a5de	0.92	21597991	CRHR1 and CRHR2 blockade with microinjections of antalarmin and anti-sauvagine-30, respectively, attenuated the alcohol induced increase of extracellular beta-endorphin in CeA.	reach	p(HGNC:CRHR2)	directlyIncreases	act(p(HGNC:CEACAM5))
0a1df689-c916-438a-abfa-91353e08b2fc	0.92	21597991	CRHR1 and CRHR2 blockade with microinjections of antalarmin and anti-sauvagine-30, respectively, attenuated the alcohol induced increase of extracellular beta-endorphin in CeA.	reach	p(HGNC:CRHR2)	directlyIncreases	act(p(HGNC:POMC))
80e63b3e-c725-4133-b5b1-f589b60f9878	0.99	21624661	Main actions that have been proposed for brain CRF-BP are either decreasing available CRF or facilitating CRF ligand induced activation of CRF-R2 receptors.	reach	p(HGNC:C1QL1)	directlyIncreases	act(p(HGNC:CRHR2))
42142f58-7947-4e02-a3eb-89e61e83255e	0.92	21660287	CRHBP binds to CRH and thus reduces the ability of CRH to activate the CRHR1 and CRHR2 receptors.	reach	p(HGNC:CRH)	directlyDecreases	act(p(HGNC:CRHR2))
f9d58d5a-b5a5-46da-9a37-6fd914dae145	0.86	21667214	Expression of the transgene in Crfr2 (also known as Crhr2)-null mice negated key aspects of the Ucn3 + phenotype.	reach	p(HGNC:CRHR2)	directlyDecreases	act(p(HGNC:UCN3))
8f8a183e-326c-471c-9abd-afe7ca9c80ab	0.94	21683135	In this scenario, a decrease in CRF may increase CRF-R2.	reach	p(HGNC:C1QL1)	directlyDecreases	act(p(HGNC:CRHR2))
80e63b3e-c725-4133-b5b1-f589b60f9878	0.99	21813699	In this study, we examine intake dependent augmentation of intra-VTA CRF induced reinstatement and role of VTA CRF-R1 versus CRF-R2 receptors in reinstatement in response to CRF and stress.	reach	p(HGNC:C1QL1)	directlyIncreases	act(p(HGNC:CRHR2))
911b5766-4054-4855-88c0-8a957a245d11	0.92	21833501	These results confirm our previous finding that intact CRF-R2 signaling underlies the acute locomotor stimulant response to 1 mg/kg MA.	reach	p(HGNC:CRHR2)	directlyIncreases	act(p(UP:P04591))
964d8623-a4c6-420f-a04c-aef3aff6e5b3	0.86	21909974	The net effect of CRFR2 activation, as demonstrated by results from the CRFR2 null mice, is to modulate GluR expression and/or membrane insertion in the postsynaptic ganglion cell.	reach	p(HGNC:CRHR2)	directlyIncreases	p(HGNC:GSR)
3a42893e-5690-4195-b49f-c46205fb600c	0.95	21977046	Our working hypothesis was that since acute exercise initiates the activation of the HPA-axis, CRFR2 might be activated to counteract the CRF and CRFR1 system in the amygdala through the LS.	reach	p(HGNC:CRHR2)	directlyIncreases	act(p(HGNC:C1QL1))
0cfff851-7994-4cb6-977a-0c7f3d765c95	1.0	22033745	Physiologically, the CRHR2 in this nucleus is activated by Ucn stemming from the EW,  xref  and, likely more so, by Ucn III from the perifornical region (P. E. Sawchenko, personal communication).  xref  In contrast, ICV administration of the selective CRHR2 agonists mUcn II  xref  or mUcn III (E. Zorrilla, personal communication) results in decreased anxiety-related behavior in the plus-maze not acutely, but after 4 hours.	sparser	p(HGNC:UCN)	directlyIncreases	act(p(HGNC:CRHR2))
0cfff851-7994-4cb6-977a-0c7f3d765c95	1.0	22033745	Physiologically, the CRHR2 in this nucleus is activated by Ucn stemming from the EW, 20 and, likely more so, by Ucn III from the perifornical region (P. E. Sawchenko, personal communication).	reach	p(HGNC:UCN)	directlyIncreases	act(p(HGNC:CRHR2))
ba73b249-627e-4e26-a1da-35200bab3d2d	0.86	22033745	Together, it may be hypothesized that during the acute phase of the stress response, the increase in emotionality is evoked by CRH mediated CRHR1 activation and lienor Ucn IIl mediated CRHR2 activation, presumably in the amygdala, BNST, and/or iLS.	reach	p(HGNC:CRHR1)	directlyIncreases	act(p(HGNC:CRHR2))
14393133-d3c8-4f1c-b7fc-23700144d658	0.86	22234467	CRH-R2 antagonist astressin2b increased the expression of both GLUT1 and GLUT3.	reach	p(HGNC:CRHR2)	directlyIncreases	p(HGNC:SLC2A1)
490f2fe5-0302-4085-970c-8bd535edbeb1	0.86	22234467	CRH-R2 antagonist astressin2b increased the expression of both GLUT1 and GLUT3.	reach	p(HGNC:CRHR2)	directlyIncreases	p(HGNC:SLC2A3)
14393133-d3c8-4f1c-b7fc-23700144d658	0.86	22234467	Our data suggest that, in placenta, CRH produced locally regulates GLUT1 and GLUT3 expression, CRHR1 and CRHR2 mediated differential regulation of GLUT1 and GLUT3 expression.	reach	p(HGNC:CRHR2)	directlyIncreases	p(HGNC:SLC2A1)
490f2fe5-0302-4085-970c-8bd535edbeb1	0.86	22234467	Our data suggest that, in placenta, CRH produced locally regulates GLUT1 and GLUT3 expression, CRHR1 and CRHR2 mediated differential regulation of GLUT1 and GLUT3 expression.	reach	p(HGNC:CRHR2)	directlyIncreases	p(HGNC:SLC2A3)
8f8a183e-326c-471c-9abd-afe7ca9c80ab	0.94	22290119	It was found that CRF OE within the BNST produced lower CRFR1 density within the BNST, and decreased CRFR2 density in the dorsal portion of the caudal DRN.	reach	p(HGNC:C1QL1)	directlyDecreases	act(p(HGNC:CRHR2))
47900c6f-c9a8-4763-bf37-a48a9d20ad9e	0.92	22306347	UCN2 and UCN3 activate selectively CRFR2.	reach	p(HGNC:UCN2)	directlyIncreases	act(p(HGNC:CRHR2))
14526292-8350-40fe-9d4f-c1831281e36e	1.0	22306347	UCN2 and UCN3 activate selectively CRFR2.	sparser	p(HGNC:UCN3)	directlyIncreases	act(p(HGNC:CRHR2))
14526292-8350-40fe-9d4f-c1831281e36e	1.0	22306347	UCN2 and UCN3 activate selectively CRFR2.	reach	p(HGNC:UCN3)	directlyIncreases	act(p(HGNC:CRHR2))
d5df1a0f-90b5-42d0-bbc7-b3e6bf5f94b1	0.86	22306347	UCN2 and UCN3 activate selectively CRFR2.	sparser	p(HGNC:UTS2)	directlyIncreases	act(p(HGNC:CRHR2))
8f8a183e-326c-471c-9abd-afe7ca9c80ab	0.94	22426413	Additionally, while the CRF 1 antagonist antalarmin acutely decreases passive behavior in both sexes deficient in CRFR2, the effect of antalarmin persists only in females.	reach	p(HGNC:C1QL1)	directlyDecreases	act(p(HGNC:CRHR2))
fb687062-8d8d-4a65-99b9-89b6657e8f68	0.86	22484018	CRFR2 stimulates PKC signaling, and therefore a decrease in PKC signaling induced by the loss of CRFR2 activity could lead to deficient GluR2 recruitment to the postsynaptic membrane.	reach	p(HGNC:CRHR2)	directlyIncreases	act(p(FPLX:PKC))
964d8623-a4c6-420f-a04c-aef3aff6e5b3	0.86	22484018	The net effect of CRFR2 activation, as demonstrated by results from the CRFR2 null mice, is to modulate GluR expression and/or membrane insertion in the postsynaptic ganglion cell.	reach	p(HGNC:CRHR2)	directlyIncreases	p(HGNC:GSR)
80e63b3e-c725-4133-b5b1-f589b60f9878	0.99	22548056	Several studies revealed that stimulation of CRFR2 by CRF and Ucn I induced the release of atrial and brain natriuretic peptides (ANP and BNP, resp.)	reach	p(HGNC:C1QL1)	directlyIncreases	act(p(HGNC:CRHR2))
14526292-8350-40fe-9d4f-c1831281e36e	1.0	22704666	We show that specific CRFR2 activation by chronic Ucn3 overexpression increases baseline stress related behaviors and yet attenuates the affective impacts of stress and aspects of HPA axis function.	reach	p(HGNC:UCN3)	directlyIncreases	act(p(HGNC:CRHR2))
b5aecbbc-a7c8-41c9-826f-5ab542fb8702	1.0	22876248	Corticotricotropin releasing hormone receptors (CRHRs) are GPCRs which are activated by urocortin (UCN), CRH, or substance P and consist of two receptors-CRH-R1 and CRH-R2, each encoded by a separate gene.	reach	p(HGNC:CRH)	directlyIncreases	act(p(HGNC:CRHR2))
80e63b3e-c725-4133-b5b1-f589b60f9878	0.99	22973190	CRF mediates physiological stress responses by activating CRF-R1 and CRF-R2, which are distributed throughout the periphery and the brain.	reach	p(HGNC:C1QL1)	directlyIncreases	act(p(HGNC:CRHR2))
80e63b3e-c725-4133-b5b1-f589b60f9878	0.99	22973190	The CRF system modulates dopaminergic neurons by activating CRF-R1 and CRF-R2; however, CRF is not only involved in the neuroexcitability of the dopaminergic system.	reach	p(HGNC:C1QL1)	directlyIncreases	act(p(HGNC:CRHR2))
7ddbd267-ee34-4ba8-a5ee-ac434fa7a5de	0.92	23470280	These findings are similar to previous results indicating that CRFR1 or CRFR2 antagonists can enhance CeA glutamatergic transmission in rats.	reach	p(HGNC:CRHR2)	directlyIncreases	act(p(HGNC:CEACAM5))
3a42893e-5690-4195-b49f-c46205fb600c	0.95	23487366	Mutant CRFR2 mice have increased CRF mRNA in the central amygdala and increased Ucn-1 and -3 in the EWcp and lateral perifornical region, respectively suggesting a compensatory activation of extrahypothalamic CRF and Ucn systems.	reach	p(HGNC:CRHR2)	directlyIncreases	act(p(HGNC:C1QL1))
291438da-9830-4fd8-aa16-2387e291ca60	0.86	23587111	CRH up-regulates CRHR1 and CRHR2 mRNA expression.	reach	p(HGNC:CRH)	directlyIncreases	p(HGNC:CRHR2)
291438da-9830-4fd8-aa16-2387e291ca60	0.86	23587111	We observed that CRH up-regulated the expression of both CRHR1 and CRHR2 in a dose dependent manner.	reach	p(HGNC:CRH)	directlyIncreases	p(HGNC:CRHR2)
47900c6f-c9a8-4763-bf37-a48a9d20ad9e	0.92	23588380	Acutely, inescapable shock activates stress induced serotonin release from local axon collaterals [XREF_BIBR] and induces the expression of the immediate early gene c-fos [XREF_BIBR] in a mid-brain serotonergic region that is also activated by urocortin 2 [XREF_BIBR, XREF_BIBR], a CRF like peptide that preferably binds to CRF type II receptors (CRFR 2), certain anxiogenic pharmacologic compounds [XREF_BIBR], and anxiogenic environmental stimuli [XREF_BIBR, XREF_BIBR].	reach	p(HGNC:UCN2)	directlyIncreases	act(p(HGNC:CRHR2))
86fa54a9-7f23-4ec6-9d30-ab3b621d0736	0.86	23804489	Ghrelin, however, caused a time- and dose dependent upregulation of CRF-R2 mRNA levels (XREF_FIG).	reach	p(HGNC:GHRL)	directlyIncreases	p(HGNC:CRHR2)
262ca187-1ec0-4208-bae4-0472c4fa2f2f	0.86	23804489	Our data demonstrate that anti-sauvagine-30, a CRF-R2 selective antagonist blocks the action of ghrelin on glucose uptake by C2C12 cells.	reach	p(HGNC:CRHR2)	directlyDecreases	act(p(HGNC:GHRL))
5dbf582c-e62c-4a44-b239-1c0f0076b23c	0.94	23804489	Previous studies have established that urocortin effects in muscle are mediated by CRF-R2 and that Ucn2 is the major peptide of the CRF family expressed in this tissue [XREF_BIBR].	reach	p(HGNC:CRHR2)	directlyIncreases	act(p(HGNC:UCN))
262ca187-1ec0-4208-bae4-0472c4fa2f2f	0.86	23804489	These observations, combined with our data showing that a CRF-R2 antagonist can block the effect of ghrelin on RBP4 expression in C2C12 cells, provide further support to the notion that the CRF receptor system mediates the metabolic effects of ghrelin in C2C12 cells.	reach	p(HGNC:CRHR2)	directlyDecreases	act(p(HGNC:GHRL))
86fa54a9-7f23-4ec6-9d30-ab3b621d0736	0.86	23804489	We show that ghrelin upregulates CRFR2 levels in these cells without affecting CRF-R1.	reach	p(HGNC:GHRL)	directlyIncreases	p(HGNC:CRHR2)
e71108da-0598-46aa-b931-0c95d2787942	0.86	24035863	Estrogen receptor alpha (ERalpha) antagonist treatment or ERalpha knockdown could abolish E2 induced CRHR2 up-regulation.	reach	p(UP:P27958)	directlyIncreases	act(p(HGNC:CRHR2))
e71108da-0598-46aa-b931-0c95d2787942	0.86	24035863	Moreover, knockdown of Sp1 also attenuated E2 induced CRHR2 up-regulation.	reach	p(UP:P27958)	directlyIncreases	act(p(HGNC:CRHR2))
13a0e2b3-29fd-4216-9292-eaadcfb17c0d	0.86	24035863	We found that 17beta-estradiol (E2) enhanced UCN cardioprotection against H/R and increased CRHR2 expression in neonatal rat cardiomyocytes.	reach	p(UP:P27958)	directlyIncreases	p(HGNC:CRHR2)
fb996f24-2ca3-411c-8f57-9684053d527b	0.94	24053666	We hypothesize that Errbeta, Crhbp and Crhr2 may modulate stress signaling by altering the biological activity of Crh in extrahypothalamic sites and/or corticosterone feedback or secretion [XREF_BIBR, XREF_BIBR, XREF_BIBR, XREF_BIBR - XREF_BIBR].	reach	p(HGNC:CRHR2)	directlyIncreases	act(p(HGNC:CRH))
e1dfa4ac-a2af-41d6-92f1-d7f9e09d4027	0.86	24107226	The CRFR2 antagonist astressin-2B significantly abrogated the effects of UCN2 on VSMCs.	reach	p(HGNC:CRHR2)	directlyDecreases	act(p(HGNC:UCN2))
0cfff851-7994-4cb6-977a-0c7f3d765c95	1.0	24143078	Corticotrophin-releasing factor (CRF) receptors (CRFRs) are GPCRs for the CRF family of peptide hormones, which includes urotensin-1, urocortins (Ucns), and CRF (or corticotrophin-releasing hormone [CRH]) itself, of course. xref CRFR type 2 (CRFR2) is abundantly expressed in the human heart and primarily couples to G s proteins, thereby activating the AC–cAMP–PKA (ie, the positive inotropic) signaling pathway of the cardiomyocytes ( xref ). xref This means that CRFR2 agonism can have cardiostimulatory effects and, indeed, in sheep HF, CRFR2 activation by Ucn1 induces sustained reductions in cardiac preload and afterload, improvements in cardiac output, and inhibition of a variety of cardiotoxic neurohormonal systems (eg, RAAS, endothelin, vasopressin, etc). xref Antagonism of this receptor produces the mirror opposite effects in the same animals. xref On the other hand, in human HF, CRFR2 activation by Ucn2 or stresscopin (a CRF-like peptide that selectively activates CRFR2) induces increases in cardiac output and LV ejection fraction, along with a fall in systemic vascular resistance. xref , xref Thus, similarly to the adrenomedullin and relaxin receptors above, Ucn-dependent CRFR2 activation produces positive inotropic, vasodilatory, and diuretic effects simultaneously, thereby making CRFR2 agonism another possible avenue for future HF drug development ( xref ).	sparser	p(HGNC:UCN)	directlyIncreases	act(p(HGNC:CRHR2))
47900c6f-c9a8-4763-bf37-a48a9d20ad9e	0.92	24143078	XREF_BIBR On the other hand, in human HF, CRFR2 activation by Ucn2 or stresscopin (a CRF like peptide that selectively activates CRFR2) induces increases in cardiac output and LV ejection fraction, along with a fall in systemic vascular resistance.	reach	p(HGNC:UCN2)	directlyIncreases	act(p(HGNC:CRHR2))
14526292-8350-40fe-9d4f-c1831281e36e	1.0	24143078	XREF_BIBR On the other hand, in human HF, CRFR2 activation by Ucn2 or stresscopin (a CRF like peptide that selectively activates CRFR2) induces increases in cardiac output and LV ejection fraction, along with a fall in systemic vascular resistance.	reach	p(HGNC:UCN3)	directlyIncreases	act(p(HGNC:CRHR2))
590614c5-f1d9-4dc3-a5ff-8c229430e356	0.88	24194695	While these results are consistent with the known appetite suppressing effects of CRF related peptides in rats and can be explained by the differential binding profile of UI and CRF for the mammalian CRF-R2 receptor, CRF receptor binding assays in fish do not support a preferential activation of CRF-R2 by UI.	reach	p(UP:Q9PTQ4)	directlyIncreases	act(p(HGNC:CRHR2))
590614c5-f1d9-4dc3-a5ff-8c229430e356	0.88	24194695	While these results are consistent with the known appetite-suppressing effects of CRF-related peptides in rats (Spina et al., xref ) and can be explained by the differential binding profile of UI and CRF for the mammalian CRF-R2 receptor (Vaughan et al., xref ), CRF receptor binding assays in fish do not support a preferential activation of CRF-R2 by UI (Arai et al., xref ; Pohl et al., xref ).	sparser	p(UP:Q9PTQ4)	directlyIncreases	act(p(HGNC:CRHR2))
14526292-8350-40fe-9d4f-c1831281e36e	1.0	24260200	Activation of CRF2 by Ucn3 rapidly altered this pattern.	sparser	p(HGNC:UCN3)	directlyIncreases	act(p(HGNC:CRHR2))
cab6b6c5-9868-426e-9167-b0cd0e351ee6	0.86	24806691	Intra-VTA antagonism of CRFR1, but not CRFR2, inhibited the induction of locomotor cross sensitization to cocaine, whereas both prevented dopaminergic cross sensitization and escalated cocaine self administration during a 24 h " binge. "	reach	p(HGNC:CRHR2)	directlyDecreases	act(p(HGNC:CRHR1))
b7a016ed-0a17-4dda-8172-ca8df264669b	0.95	25262980	Another hypothesis for the increased mPFC 5-HT is that blockade of CRF-R1 may cause relative activation of CRF-R2, stimulating 5-HT flow.	reach	p(HGNC:CRHR1)	directlyDecreases	act(p(HGNC:CRHR2))
80e63b3e-c725-4133-b5b1-f589b60f9878	0.99	25667611	In addition, the study revealed that stimulation of CRFR-2 by CRF and urocortin induced the release of BNP, however, this had an inotropic effect on the heart, which is consistent with the observations of the present study.	reach	p(HGNC:C1QL1)	directlyIncreases	act(p(HGNC:CRHR2))
0cfff851-7994-4cb6-977a-0c7f3d765c95	1.0	25701320	However, in awake rats CRF2 activation by Ucn 2 in awake rodents does not have effect on the basal colonic transit.	sparser	p(HGNC:UCN)	directlyIncreases	act(p(HGNC:CRHR2))
d03cfbd3-a686-4a62-b85e-cebcd5f1ea01	0.86	25712670	However, astressin2-B (AST-2B), the antagonist of corticotropin releasing factor receptor 2 (CRFR2), could reverse the inhibitory effects of UCN2 on calcium channel.	reach	p(HGNC:CRHR2)	directlyIncreases	act(p(HGNC:UCN2))
b7a016ed-0a17-4dda-8172-ca8df264669b	0.95	26403083	Intra-VTA antagonism of CRF-R2, but not CRF-R1, prevents the repeated stress induced extracellular dopamine increase in the NAcSh.	reach	p(HGNC:CRHR1)	directlyDecreases	act(p(HGNC:CRHR2))
b7a016ed-0a17-4dda-8172-ca8df264669b	0.95	26403083	Intra-VTA antagonism of CRF-R2, but not CRF-R1, prevents the repeated stress induced extracellular dopamine increase in the mPFC.	reach	p(HGNC:CRHR1)	directlyDecreases	act(p(HGNC:CRHR2))
b7a016ed-0a17-4dda-8172-ca8df264669b	0.95	26403083	Similarly, intra-VTA antagonism of CRF-R2, but not CRF-R1, prevented the stress induced dopamine increase in the NAcSh during stress (XREF_FIG).	reach	p(HGNC:CRHR1)	directlyDecreases	act(p(HGNC:CRHR2))
b5aecbbc-a7c8-41c9-826f-5ab542fb8702	1.0	26495412	CRHR2 activation by CRH showed inhibition of apoptosis in gynecologic cancers and induction of tumor cell proliferation, migration, and invasion.	reach	p(HGNC:CRH)	directlyIncreases	act(p(HGNC:CRHR2))
e03a73da-98de-4e2f-9b14-078661eca874	0.95	26495412	Corticotropin Releasing Hormone Receptor 2 Induction Inhibits Proinflammatory Cytokine Expression and Interleukin-6-Mediated pSTAT3 Activation in Colorectal Cancer.	reach	p(HGNC:CRHR2)	directlyDecreases	act(p(HGNC:STAT3))
e03a73da-98de-4e2f-9b14-078661eca874	0.95	26495412	IL-1b, IL-6, and IL-6R mRNAs were diminished in CRC-CRHR2 + cells, while CRHR2 and Ucn2 signaling inhibited IL-6-mediated Stat3 activation, invasion, migration, and expression of downstream targets acting as cell cycle- and EMT-inducers.	reach	p(HGNC:CRHR2)	directlyDecreases	act(p(HGNC:STAT3))
d03cfbd3-a686-4a62-b85e-cebcd5f1ea01	0.86	26495412	Overall, our findings point to Stat3 as one of the underlying molecular targets of CRHR2 signaling that mediates CRHR2 and Ucn2 effects on CRC survival and expansion (XREF_FIG).	reach	p(HGNC:CRHR2)	directlyIncreases	act(p(HGNC:UCN2))
f6dace86-90a8-46ed-9578-0f33c5fd4597	0.86	26495412	The EV and CRHR2 + SW620 and SW480 cells were treated with 20 ng/mL IL-6 and 0.1 muM Ucn2 for 18 hours.	reach	p(HGNC:IL6)	directlyIncreases	act(p(HGNC:CRHR2))
f6dace86-90a8-46ed-9578-0f33c5fd4597	0.86	26495412	To identify cell cycle- and EMT-relevant gene targets of CRHR2 and Ucn2 signaling in CRC under inflammatory conditions at a molecular level, we performed cell cycle- and EMT specific gene arrays using cDNAs from SW480 and SW620 parental and CRHR2 clones, respectively, treated with Ucn2 and IL-6.	reach	p(HGNC:IL6)	directlyIncreases	act(p(HGNC:CRHR2))
e03a73da-98de-4e2f-9b14-078661eca874	0.95	26495412	XREF_BIBR Given the CRHR2 mediated Stat3 inhibition, we explored the role of CRHR2 and Ucn2 signaling in CRC proliferative and EMT responses in the presence of IL-6.	reach	p(HGNC:CRHR2)	directlyDecreases	act(p(HGNC:STAT3))
e03a73da-98de-4e2f-9b14-078661eca874	0.95	26495412	XREF_BIBR These findings suggest that CRHR2 signaling may negatively regulate IL-6-mediated Stat3 activation in CRC.	reach	p(HGNC:CRHR2)	directlyDecreases	act(p(HGNC:STAT3))
e03a73da-98de-4e2f-9b14-078661eca874	0.95	26495412	XREF_BIBR, XREF_BIBR, XREF_BIBR, XREF_BIBR, XREF_BIBR, XREF_BIBR, XREF_BIBR, XREF_BIBR Consistent with CRHR2 mediated Stat3 inhibition are our findings from the cell cycle gene arrays showing CCNB1, CCND1, and CDK1 down-regulation, induction of CDKN1A, and dysregulated expression of genes involved in G1 phase regulation and G1/S transition, including ANAPC2, CCNE1, CDKN1B, CUL2, CUL3, and E2F1 in CRHR2 + CRC cells.	reach	p(HGNC:CRHR2)	directlyDecreases	act(p(HGNC:STAT3))
80e63b3e-c725-4133-b5b1-f589b60f9878	0.99	26509254	In fact, XREF_BIBR has proposed that CRF-BP is required for CRF activation of CRF-R2 and the downstream phospholipase C/protein kinase C, but not PKA, signaling pathway in VTA dopamine neurons.	reach	p(HGNC:C1QL1)	directlyIncreases	act(p(HGNC:CRHR2))
42142f58-7947-4e02-a3eb-89e61e83255e	0.92	26538448	These findings indicate that forebrain CRH hyper-signaling in early-life is sufficient to increase enduring effects of adult trauma and attenuate Crhr2 expression changes in response to stress in males.	reach	p(HGNC:CRH)	directlyDecreases	act(p(HGNC:CRHR2))
acf87ebd-6c8e-4535-a770-2c0056c48dc6	0.94	26615473	Conversely, chronic CRFR2 activation in the NAc shell of still paired male prairie voles increased passive stress coping.	reach	p(HGNC:CRHR2)	directlyIncreases	act(p(HGNC:NLRP1))
fa5a4da9-9549-47ca-819e-153c8000b6f4	0.95	26615473	Hence, CRFR2 activation decreases glutamate drive and excitability of the OT neurons.	reach	p(HGNC:CRHR2)	directlyDecreases	act(p(HGNC:OXT))
fa5a4da9-9549-47ca-819e-153c8000b6f4	0.95	26615473	However, given our a priori hypothesis that CRFR2 activity would suppress OT release, we performed planned comparisons using paired t-tests.	reach	p(HGNC:CRHR2)	directlyDecreases	act(p(HGNC:OXT))
acf87ebd-6c8e-4535-a770-2c0056c48dc6	0.94	26615473	In contrast, separation from the female partner results in increased CRFR2 signaling in the NAc shell, which lowers local OT release.	reach	p(HGNC:CRHR2)	directlyIncreases	act(p(HGNC:NLRP1))
fa5a4da9-9549-47ca-819e-153c8000b6f4	0.95	26615473	In parallel, CRFR2 activation possibly in the PVN reduces the glutamatergic drive of PVN OT neurons which could contribute to the reduced OT release in terminal sites.	reach	p(HGNC:CRHR2)	directlyDecreases	act(p(HGNC:OXT))
fa5a4da9-9549-47ca-819e-153c8000b6f4	0.95	26615473	Our data led us to hypothesize that CRFR2 may directly act on the presynaptic OT system to suppress OT release in the NAc shell, thereby increasing passive stress coping after chronic separation from the partner.	reach	p(HGNC:CRHR2)	directlyDecreases	act(p(HGNC:OXT))
acf87ebd-6c8e-4535-a770-2c0056c48dc6	0.94	26615473	Taken together, our data are consistent with the hypothesis that, in bonded males housed with their partner, CRFR2 signaling in the NAc and possibly other areas is low, and consequently OT signaling in the NAc in response to social interaction is normalized, thereby minimizing passive coping in the FST.	reach	p(HGNC:CRHR2)	directlyIncreases	act(p(HGNC:NLRP1))
fa5a4da9-9549-47ca-819e-153c8000b6f4	0.95	26615473	Therefore, the increased passive stress coping after partner loss is likely to be mediated by activation of CRFR2 causing decreased release of OT in the NAc shell, thereby potentiating the negative effect of separation.	reach	p(HGNC:CRHR2)	directlyDecreases	act(p(HGNC:OXT))
85a20937-2dd8-4476-ba7e-1b489446d472	0.86	26615473	While these independent planned contrasts between drug treatment and basal conditions are not significant if corrected for multiple comparisons, the consistency and opposing directions in the effects of the agonist and antagonist provide additional support that CRFR2 modulates OT release in the NAc shell.	reach	p(HGNC:CRHR2)	directlyIncreases	act(p(HGNC:OXT))
0a1df689-c916-438a-abfa-91353e08b2fc	0.92	26630389	Here, acute activation of CRF-R1 increased plasma ACTH and CORT, while activation of CRF-R2 increased ACTH to a lesser extent than CRF-R1 activation and affected CORT in a stress dependent context, indicating differential regulation of the HPA axis by the two receptor subtypes.	reach	p(HGNC:CRHR2)	directlyIncreases	act(p(HGNC:POMC))
fb996f24-2ca3-411c-8f57-9684053d527b	0.94	26713785	CRHR2 in glial cells mediates the stimulatory effects of CRH.	reach	p(HGNC:CRHR2)	directlyIncreases	act(p(HGNC:CRH))
3a42893e-5690-4195-b49f-c46205fb600c	0.95	26831220	Furthermore, selective CRFR1 antagonist antalarmin or selective CRFR2 antagonist antisauvagine-30 partly decreased tachycardiac response to microinjecting CRF into the PH, while broad-spectrum CRF receptor antagonist astressin totally blocked the response (XREF_FIG), demonstrating that the tachycardiac response to CRF microinjected into the PH is mediated by activation of both CRFR1 and CRFR2.	reach	p(HGNC:CRHR2)	directlyIncreases	act(p(HGNC:C1QL1))
fb996f24-2ca3-411c-8f57-9684053d527b	0.94	27129413	CRHR2 activation may lead to membrane depolarization, facilitating AVP and CRH release in the AH to enhance aggression.	reach	p(HGNC:CRHR2)	directlyIncreases	act(p(HGNC:CRH))
14526292-8350-40fe-9d4f-c1831281e36e	1.0	27550842	Local CRFR2 activation by urocortin 3 depolarized the cells, increased the neuronal input resistance and increased firing of action potentials, indicating an enhanced excitability.	reach	p(HGNC:UCN3)	directlyIncreases	act(p(HGNC:CRHR2))
14526292-8350-40fe-9d4f-c1831281e36e	1.0	27550842	Local CRFR2 activation by urocortin 3 depolarized the cells, increased the neuronal input resistance and increased firing of action potentials, indicating an enhanced excitability.	sparser	p(HGNC:UCN3)	directlyIncreases	act(p(HGNC:CRHR2))
80e63b3e-c725-4133-b5b1-f589b60f9878	0.99	28094283	Activation of CRFR2, by either CRF or urocortin, mediates stress coping through dampening stress sensitivity ( xref ).	sparser	p(HGNC:C1QL1)	directlyIncreases	act(p(HGNC:CRHR2))
0cfff851-7994-4cb6-977a-0c7f3d765c95	1.0	28094283	Activation of CRFR2, by either CRF or urocortin, mediates stress coping through dampening stress sensitivity ( xref ).	sparser	p(HGNC:UCN)	directlyIncreases	act(p(HGNC:CRHR2))
fa5a4da9-9549-47ca-819e-153c8000b6f4	0.95	28135000	Electrophysiological recordings of PVN OT neurons after administration of a CRHR2 agonist indicate that CRHR2 activation indirectly decreases the activity of OT neurotransmission, most likely by reducing glutamatergic drive to OT neurons.	reach	p(HGNC:CRHR2)	directlyDecreases	act(p(HGNC:OXT))
acf87ebd-6c8e-4535-a770-2c0056c48dc6	0.94	28434591	In prairie voles, separation from a bonded partner, but not from a sibling, induces depressive like behavior in males, an effect that is mediated by activation of corticotropin releasing factor receptor 2 in the NAc, and rescued by activation of OTRs in this region.	reach	p(HGNC:CRHR2)	directlyIncreases	act(p(HGNC:NLRP1))
cab6b6c5-9868-426e-9167-b0cd0e351ee6	0.86	28492284	Activation of CRHR2 inhibits CRHR1 induced intestinal inflammation, as well as endogenous and inflammatory angiogenesis XREF_BIBR.	reach	p(HGNC:CRHR2)	directlyDecreases	act(p(HGNC:CRHR1))
b7a016ed-0a17-4dda-8172-ca8df264669b	0.95	28492284	To elucidate the roles of CRHR1 and CRHR2 in MS induced gut injury, we administered : i) Astressin, a non specific CRHR antagonist of both CRHR1 and CRHR2, ii) Antalarmin, a CRHR1 antagonist, or iii) Astressin-2beta, a CRHR2 antagonist prior to MS on each day from postnatal day 5 to 9 (XREF_FIG).	reach	p(HGNC:CRHR1)	directlyDecreases	act(p(HGNC:CRHR2))
0cfff851-7994-4cb6-977a-0c7f3d765c95	1.0	28633663	In terms of specificity towards CRHR1 and 2, i) CRH has specificity for the CRHR1, ii) urocortin 1 can activate both CRHR1 and CRHR2, and iii) urocortin 2 and 3 are unique in that they show specificity for CRHR2 and do not appear to have affinity for CRHR1 at physiologic concentrations [XREF_BIBR, XREF_BIBR].	reach	p(HGNC:UCN)	directlyIncreases	act(p(HGNC:CRHR2))
14526292-8350-40fe-9d4f-c1831281e36e	1.0	28811708	However, we found that CRF2 activation by Ucn3 decreases the mRNA and protein expression of KLF4 in differentiated HT-29 and Caco-2 cells, suggesting that stress may regulate intestinal homeostasis by controlling transcription factor expression.	sparser	p(HGNC:UCN3)	directlyIncreases	act(p(HGNC:CRHR2))
64df8164-522b-4efe-88bc-c5ba0cc2cd72	0.88	29180955	CRH-BP activates CRHR2 in the VTA, facilitating calcium flow via an NMDA mediated pathway and in turn resulting in an increase in burst firing of DA neurons and glutamate and DA levels.	reach	p(HGNC:CRHBP)	directlyIncreases	act(p(HGNC:CRHR2))
64df8164-522b-4efe-88bc-c5ba0cc2cd72	0.88	29180955	CRH-BP activates CRHR2 in the VTA, facilitating calcium flow via an NMDA-mediated pathway and in turn resulting in an increase in burst firing of DA neurons and glutamate and DA levels (Ungless et al., xref ; Wang et al., xref ).	sparser	p(HGNC:CRHBP)	directlyIncreases	act(p(HGNC:CRHR2))
b5aecbbc-a7c8-41c9-826f-5ab542fb8702	1.0	29317694	Then, we investigated whether CRHR2 protein expression level could be modulated by CRH.	reach	p(HGNC:CRH)	directlyIncreases	act(p(HGNC:CRHR2))
3a42893e-5690-4195-b49f-c46205fb600c	0.95	29404882	CRF action is mediated by the CRF receptors of subtypes 1 and 2 (CRF-R1 and CRF-R2, respectively).	reach	p(HGNC:CRHR2)	directlyIncreases	act(p(HGNC:C1QL1))
b5aecbbc-a7c8-41c9-826f-5ab542fb8702	1.0	29568676	CRH activates the surface receptors CRHR1 and CRHR2 which, along with AVP, is essential for the secretion of adrenocorticotropic hormone (ACTH) by the anterior pituitary (Tsigos & Chrousos, 2002).	reach	p(HGNC:CRH)	directlyIncreases	act(p(HGNC:CRHR2))
b5aecbbc-a7c8-41c9-826f-5ab542fb8702	1.0	29568676	CRH activates the surface receptors CRHR1 and CRHR2 which, along with AVP, is essential for the secretion of adrenocorticotropic hormone (ACTH) by the anterior pituitary (Tsigos & Chrousos, xref ).	sparser	p(HGNC:CRH)	directlyIncreases	act(p(HGNC:CRHR2))
14526292-8350-40fe-9d4f-c1831281e36e	1.0	29618970	Blocking CRFR2 with As2B caused an increase in OT content in BNST dl microdialysates, whereas CRFR2 activation by Urocortin 3 did not have an effect.	sparser	p(HGNC:UCN3)	directlyIncreases	act(p(HGNC:CRHR2))
85a20937-2dd8-4476-ba7e-1b489446d472	0.86	29618970	In contrast, infusion of CRFR2 antagonist alone (As2B) caused a significant increase in OT release measured at 30 min (first sample collected after the drug delivery) in comparison to the vehicle (ACSF) (P < 0.01, Figure XREF_FIG) and CRF treated groups (P < 0.05).	reach	p(HGNC:CRHR2)	directlyIncreases	act(p(HGNC:OXT))
14526292-8350-40fe-9d4f-c1831281e36e	1.0	29618970	Our finding that selective activation of CRFR2 by Ucn3 did not have any effect on OT content in BNST dl microdialysates appears in contrast to previously reported findings in NaC in male prairie voles, where Ucn3 reduced release of OT.	reach	p(HGNC:UCN3)	directlyIncreases	act(p(HGNC:CRHR2))
fa5a4da9-9549-47ca-819e-153c8000b6f4	0.95	29618970	The most significant finding of the current study showed that blockade of CRFR2 by As2B causes a significant increase in OT content in BNST dl microdialysates.	reach	p(HGNC:CRHR2)	directlyDecreases	act(p(HGNC:OXT))
fa5a4da9-9549-47ca-819e-153c8000b6f4	0.95	29618970	Therefore, adding exogenous Ucn3 could not suppress OT release but blockade of CRFR2 immediately increases OT content in BNST dl microdialysates.	reach	p(HGNC:CRHR2)	directlyDecreases	act(p(HGNC:OXT))
